Object_lemma,count
склад,981
який,210
рівень,157
він,155
місце,150
ми,150
допомога,137
стан,135
висновок,125
група,124
світ,121
вона,119
план,102
життя,101
те,101
система,100
робота,98
ринок,97
розгляд,94
розвиток,93
зміна,91
вони,84
відомий,83
я,83
список,82
порядок,81
число,80
процес,79
кипіння,78
історія,78
час,75
день,69
україна,69
вулиця,68
дія,67
кінець,67
експлуатація,64
влада,63
людина,61
комплект,59
сайт,59
київ,58
вартість,58
земля,58
реєстр,57
хата,56
храм,56
програма,55
перелік,53
вибір,53
місто,52
рік,51
сцена,50
омана,49
село,46
школа,46
формування,46
книга,46
якість,45
фінал,44
відповідність,43
ви,43
голова,43
церква,40
зона,39
рада,38
сфера,38
питання,38
мінімум,38
дім,38
здоров’я,37
десяток,37
збірка,37
поле,37
результат,37
структура,37
зал,35
двір,34
зустріч,34
рішення,33
завершення,33
кабінет,33
кімната,33
будинок,32
приміщення,32
один,32
тяма,31
гість,31
п’ятірка,31
це,31
топ,31
магазин,31
свято,30
коло,30
сторінка,30
частина,30
ціна,29
період,29
категорія,28
територія,28
край,27
обов’язок,27
центр,27
справа,26
проблема,26
зала,26
ситуація,26
вічність,26
організм,26
смуга,26
думка,26
діяльність,26
політика,26
сесія,26
компетенція,26
трійка,25
дитина,25
країна,25
поява,25
лікарня,24
зниження,24
засідання,24
подвір’я,24
берег,24
клас,24
екран,24
виконання,23
ефективність,23
закон,23
відповідальність,23
вирішення,23
вода,23
лад,23
майдан,22
норма,22
дорога,22
львів,22
свідомість,22
кут,22
мода,22
себе,22
жертва,22
море,21
оселя,21
наслідок,21
обговорення,21
момент,21
суд,21
вікно,21
ліс,20
бібліотека,20
функція,20
проект,20
розуміння,20
офіс,20
минуле,19
фонд,19
показник,19
ефір,18
позиція,18
завдання,18
обіг,18
бюджет,18
аудиторія,18
швидкість,18
парламент,18
небо,18
здатність,18
замін,17
середина,17
район,17
практика,17
документ,17
збільшення,17
площа,17
захід,17
обсяг,17
двері,17
заклад,17
поверхня,17
рейтинг,17
книжка,16
пункт,16
раціон,16
прийом,16
росія,16
створення,16
схід,16
польща,16
розмір,16
бог,16
столиця,16
захват,15
відпочинок,15
царство,15
комплектація,15
скарбниця,15
квартира,15
об’єкт,15
комплекс,15
форма,15
що,15
орган,15
пенсія,15
комітет,14
акція,14
гора,14
визначення,14
німеччина,14
розділ,14
маса,14
серце,14
лінія,14
вигляд,14
підвищення,14
громада,13
вид,13
бізнес,13
концерт,13
витрата,13
виникнення,13
зростання,13
простір,13
домівка,13
читач,13
голосування,13
той,13
ти,13
тема,13
видання,13
мережа,13
середовище,13
зв’язок,12
душа,12
початок,12
розум,12
могила,12
відділення,12
поведінка,12
майданчик,12
перево,12
родина,12
користь,12
сотня,12
команда,12
кількість,12
база,12
фестиваль,11
сторона,11
курс,11
роль,11
ворота,11
банк,11
збірник,11
непридатність,11
ряд,11
втрата,11
посада,11
успіх,11
перебіг,11
сім’я,11
воля,11
відкриття,11
глядач,11
зменшення,11
хід,10
активність,10
зміст,10
консультація,10
заняття,10
недолік,10
сектор,10
оцінка,10
орбіта,10
економіка,10
текст,10
утворення,10
інтер’єра,10
гра,10
маршрут,10
коаліція,10
війна,10
річка,10
організація,10
стандарт,10
рух,10
навчання,10
образ,10
побачення,10
загал,10
умова,10
рахунок,10
стіл,10
шкіра,10
арена,9
урок,9
кордон,9
література,9
продаж,9
огляд,9
перший,9
контакт,9
культура,9
кювет,9
острів,9
балкон,9
пам’ять,9
старт,9
прийняття,9
характер,9
тип,9
партія,9
європа,9
колектив,9
комісія,9
округ,9
хвилина,9
%,9
господ,9
фракція,9
повноважня,9
сума,9
межа,9
об’єднання,9
табір,9
репертуар,8
предмет,8
прокат,8
відстань,8
тур,8
гроб,8
готовність,8
дільниця,8
тінь,8
машина,8
протест,8
театр,8
палац,8
інтер’єр,8
суспільство,8
вершина,8
перемога,8
вибори,8
дерево,8
кухня,8
подарунок,8
поняття,8
сша,8
майстерня,8
необхідність,8
сила,8
налаштування,8
досягнення,8
баз,8
висота,8
настрій,8
підтримка,8
полювання,8
галузь,8
можливість,8
традиція,8
інший,8
собівартість,8
бік,8
джерело,8
базар,8
черга,8
ріст,8
глибина,8
мітинг,8
півфінал,8
редакція,8
засіб,8
розрахунок,7
погіршення,7
стиль,7
пошук,7
динаміка,7
побут,7
управління,7
обмін,7
набор,7
звичка,7
ресторан,7
використання,7
причина,7
дніпро,7
ступінь,7
точка,7
товариство,7
кожний,7
лінійка,7
ліга,7
договір,7
година,7
етап,7
стаття,7
майбутнє,7
шлях,7
клієнт,7
конфлікт,7
світло,7
скринька,7
відчай,7
відділ,7
пакет,7
принцип,7
матч,7
смак,7
мозок,7
знаменник,7
служба,7
законопроект,7
раз,7
тіло,7
регіон,7
відпустка,7
лідер,7
стадія,7
концентрація,7
область,7
туалет,7
харків,7
порушення,7
кодекс,7
становище,7
таблиця,7
відставка,7
ринг,7
цикл,7
інтенсивність,7
декларація,7
місяць,7
вирій,7
москва,7
компанія,7
поставка,7
положення,7
матеріал,7
альбий,6
син,6
основа,6
працездатність,6
вокзал,6
захист,6
вітальня,6
виставка,6
крим,6
конференція,6
підприємство,6
інтерес,6
батьківщина,6
фініш,6
готель,6
коридор,6
концепція,6
законодавство,6
учень,6
каталога,6
самопочуття,6
календар,6
атмосфера,6
єрдр,6
клітина,6
все,6
салон,6
споживач,6
меню,6
когорт,6
лікар,6
постанова,6
статус,6
п’єдестал,6
вухо,6
узбіччя,6
ужиток,6
союз,6
криза,6
оформлення,6
кафе,6
угода,6
слово,6
брат,6
функціонування,6
характеристика,6
мета,6
отця,6
музей,6
боротьба,6
слава,6
репутація,6
клуб,6
експозиція,6
скорочення,6
конституція,6
збірна,6
форум,6
речовина,6
мінус,6
місцевість,6
препарат,6
спосіб,6
сприйняття,6
фактор,6
прогулянка,6
намет,6
держава,6
пряма,6
завод,6
двадцяток,6
хвірий,6
твір,5
рука,5
право,5
волинь,5
природа,5
безпека,5
с.,5
ділянка,5
асоціація,5
куточок,5
аеропорт,5
режим,5
ресурс,5
вміст,5
прибуток,5
відносини,5
термін,5
чернівці,5
петербург,5
шпиталь,5
луцька,5
фармакокінетика,5
штаб,5
піхва,5
рівне,5
небуття,5
замовлення,5
дизайн,5
переконання,5
мікрофлор,5
поліклініка,5
затвердження,5
рівняння,5
регламент,5
смерть,5
стадіон,5
мить,5
дружина,5
демонстрація,5
камера,5
будівля,5
траса,5
престол,5
занепад,5
палата,5
поміч,5
тканина,5
інститут,5
правило,5
карта,5
спальня,5
рослина,5
заробіток,5
монастир,5
стіна,5
христ,5
обличчя,5
процедура,5
покоління,5
тиждень,5
слід,5
величина,5
станція,5
дохід,5
тротуар,5
загибель,5
продукт,5
вівторок,5
ізраїль,5
модель,5
дебата,5
збір,5
студія,5
інтернет,5
юрисдикція,5
половина,5
вагон,5
канал,5
аптека,5
пора,5
басейн,5
бій,5
священик,5
психіка,5
ставка,5
кладовище,5
порожнина,5
будівництво,5
конструкція,5
українець,5
холдинг,5
город,5
ісус,5
послуга,5
подія,5
сезон,5
блок,5
взуття,5
полтава,5
скарбничка,5
каса,5
печінка,5
лікування,5
результативність,5
становлення,5
виручка,5
визнання,5
борг,4
військкомат,4
нуля,4
володіння,4
аспект,4
додаток,4
розряда,4
дані,4
замок,4
євромайдан,4
портал,4
логіка,4
нуль,4
метод,4
акт,4
батьки,4
компонент,4
уряд,4
клініка,4
мова,4
м’яз,4
будь-який,4
жінка,4
селище,4
сегмент,4
графік,4
параметр,4
катал,4
метаболізм,4
пацієнт,4
північ,4
стежка,4
хребет,4
ухвалення,4
співвідношення,4
помешкання,4
лавра,4
референдум,4
антологія,4
одеса,4
груди,4
субота,4
повітря,4
парк,4
собор,4
молитва,4
підготовка,4
свобода,4
ризик,4
особа,4
порт,4
диспло,4
містечко,4
спадщина,4
небеса,4
реалізація,4
ріка,4
бажання,4
доля,4
рубіж,4
батько,4
стінка,4
пара,4
чвертьфінал,4
версія,4
секція,4
ратуш,4
щабель,4
вивчення,4
риса,4
святкування,4
пробіжка,4
відень,4
1,4
представник,4
пріоритет,4
тренування,4
полонина,4
зупинка,4
трибуна,4
штат,4
аукціон,4
імідж,4
літопис,4
вимога,4
поширення,4
брама,4
обід,4
таксі,4
учасник,4
вечірка,4
посібник,4
проведення,4
труба,4
банкрутство,4
ремонт,4
плюс,4
змагання,4
літо,4
кошик,4
виклик,4
працівник,4
спілкування,4
хто,4
неділя,4
експорт,4
єс,4
сад,4
підмога,4
успішність,4
звук,4
співпраця,4
мати,4
розпад,4
похорон,4
родич,4
дошка,4
властивість,4
мотивація,4
суботник,4
облік,4
околиця,4
профспілка,4
наука,4
повіт,4
забезпечення,4
протокол,4
відповідь,4
руйнування,4
набір,4
сіни,4
попит,4
гараж,4
космос,4
тебе,4
продуктивність,4
знання,4
зима,4
альянс,4
капітал,4
воріт,4
екологія,4
університет,4
колекція,4
закінчення,4
ялинка,4
ідея,4
телефон,4
строк,4
сусід,4
поверх,4
пошта,4
вистава,4
поліція,4
стабільність,4
прояв,4
суміш,4
ранок,4
італія,4
покращення,4
галичина,4
позитив,3
партнер,3
плоть,3
чисельність,3
розширення,3
колега,3
оператор,3
керівництво,3
розробка,3
виділення,3
дарунок,3
донецький,3
євро,3
відновлення,3
корпорація,3
слухач,3
садок,3
рекомендація,3
отг,3
сход,3
гребінь,3
ніс,3
мордовій,3
впровадження,3
поділля,3
розвал,3
двигун,3
келія,3
ґанок,3
долина,3
екскурсія,3
русь,3
адреса,3
запрошення,3
парижа,3
розряд,3
трактування,3
міністерство,3
формула,3
розрив,3
еволюція,3
доба,3
читання,3
ознака,3
клітинка,3
краха,3
перегляд,3
марш,3
здібність,3
хлопець,3
ера,3
міра,3
реанімація,3
зір,3
студент,3
подорож,3
рот,3
тиск,3
картина,3
рамка,3
око,3
м,3
вибух,3
мама,3
рака,3
їдальня,3
трагедія,3
спільнота,3
середа,3
карпати,3
фаза,3
печера,3
дискурс,3
рейд,3
спілка,3
гріха,3
комфорт,3
діапазон,3
написання,3
економія,3
музика,3
лексикон,3
небес,3
п’ятниця,3
уста,3
запис,3
стійкість,3
апарат,3
японія,3
покій,3
тематика,3
гуртожиток,3
панель,3
напрям,3
енциклопедія,3
царя,3
другий,3
вечір,3
колиб,3
темрява,3
підхід,3
ст.,3
фланг,3
помилка,3
довір,3
неволя,3
гармонія,3
ускладнення,3
обійстя,3
еліта,3
свят,3
припинення,3
паркет,3
терен,3
кондиція,3
віконець,3
виступ,3
серія,3
пам’ятка,3
шевченко,3
жанр,3
річ,3
сліз,3
транспорт,3
колія,3
член,3
протистояння,3
п.,3
шар,3
вівтар,3
площина,3
пляж,3
стосунок,3
ліквідація,3
єгипт,3
фільм,3
берлін,3
смта,3
запас,3
відчуття,3
ім’я,3
підручник,3
розміщення,3
страйк,3
садочок,3
депресія,3
потужність,3
яма,3
задача,3
самооцінок,3
розпис,3
залоза,3
інструмент,3
кишка,3
сам,3
звіт,3
взаємодія,3
дар,3
понеділок,3
значення,3
америка,3
конкурентоспроможність,3
здійснення,3
житель,3
віра,3
збереження,3
богослужіння,3
згода,3
синтез,3
керівник,3
довідник,3
пропозиція,3
ланка,3
травм,3
розкіл,3
в’язниця,3
причастя,3
містечка,3
тонус,3
зустрічний,3
поїзд,3
рядок,3
різдво,3
власність,3
колонія,3
волосся,3
варшава,3
ставлення,3
стратегія,3
потреба,3
лист,3
епоха,3
зимівля,3
лабораторій,3
статут,3
нарада,3
процвітання,3
захоплення,3
дзеркало,3
дух,3
академія,3
інтелект,3
галера,3
ніч,3
ліг,3
галявина,3
катастрофа,3
крамничка,3
зрив,3
виток,3
петроград,3
градус,3
співтовариство,3
русло,3
замішання,3
напрямок,3
ґрунт,3
сказ,3
донбас,3
неможливість,3
плід,3
усвідомлення,3
розмова,3
клімат,3
вантажівка,3
сміттєзвалище,3
віч,3
під’їзд,3
поезія,3
ньог,3
класик,3
більшість,3
присутні,3
співробітник,3
пагорб,3
довговічність,3
секретар,3
тривалість,3
індустрія,3
портфель,3
рим,3
встановлення,3
рай,3
колегія,2
зближення,2
молодик,2
механізм,2
вітер,2
колапса,2
новосибірська,2
паводок,2
гідність,2
сітки,2
абсурд,2
поріг,2
піст,2
департамент,2
вживання,2
поєднання,2
21,2
індекс,2
божевілля,2
кам’янця,2
стрічка,2
тернополь,2
авто,2
федерація,2
кав’ярня,2
згадка,2
яв,2
особистість,2
філія,2
рівноваг,2
актив,2
десятиліття,2
переговори,2
згортання,2
зміцнення,2
доступність,2
ступор,2
порушник,2
автор,2
повстання,2
парний,2
поширеність,2
2,2
скло,2
пасовиська,2
культ,2
випадок,2
крадіжка,2
чоловік,2
кампанія,2
нерво,2
запустіння,2
всмоктування,2
сходи,2
24,2
присяга,2
промисел,2
океан,2
монастиря,2
особливість,2
каменя,2
тераса,2
підпілля,2
розкриття,2
канон,2
організатор,2
вага,2
імператор,2
кліщ,2
похід,2
плавання,2
виробництво,2
одиниця,2
спорт,2
сучасність,2
сценарії,2
ража,2
град,2
перетворення,2
останній,2
командир,2
угорщина,2
комунікація,2
документація,2
мешканець,2
крамниця,2
вміння,2
горище,2
вручення,2
костюма,2
плеяда,2
беріг,2
дискусія,2
криниця,2
жарт,2
в.,2
стажування,2
чужина,2
реалії,2
ліфт,2
акваторія,2
куток,2
тому,2
планування,2
пенькі,2
півостр,2
громадськість,2
дівчина,2
перевал,2
а,2
великдень,2
присутність,2
провід,2
святилище,2
плата,2
цілісність,2
варіант,2
вінниччина,2
газон,2
хмар,2
вчитель,2
сукупність,2
світлиця,2
честь,2
ген,2
військо,2
пуття,2
китай,2
тварина,2
пальто,2
полос,2
роздягальний,2
корабель,2
першопричина,2
консенсус,2
банкомат,2
біржа,2
не,2
розвідка,2
бачення,2
човен,2
салат,2
атак,2
дач,2
колір,2
покажчик,2
відання,2
існування,2
володимир,2
вибірка,2
публіцистика,2
крайність,2
профілактика,2
подолання,2
дестабілізація,2
розв’язання,2
житомир,2
хрищення,2
скинія,2
вежа,2
краса,2
барикада,2
хвороб,2
ціноутворення,2
інтернат,2
депутат,2
суперечність,2
випуск,2
головний,2
дітки,2
приймальний,2
поліпшення,2
двобій,2
рецептура,2
гіпермаркет,2
протиріччя,2
озеро,2
єрусалий,2
досконалість,2
послаблення,2
газета,2
шлунок,2
кооператив,2
анатолій,2
картка,2
господарство,2
казахстан,2
донецьк,2
попередження,2
судина,2
придбання,2
фінансування,2
погляд,2
зіткнення,2
темп,2
оснащення,2
установа,2
кафедра,2
шахта,2
безпліддя,2
артерія,2
привабливість,2
мілина,2
аварія,2
пристрій,2
магістрат,2
молодь,2
охорона,2
передова,2
гніздо,2
воїн,2
супермаркет,2
тунель,2
фортеця,2
почуття,2
комора,2
консорціум,2
херсон,2
вогник,2
пророка,2
сибір,2
блог,2
перебудова,2
асортимент,2
достоїнство,2
дах,2
французький,2
стовбур,2
губерній,2
палітр,2
дозвіл,2
максим,2
вогонь,2
гілка,2
метр,2
користувач,2
король,2
вжиток,2
кишеня,2
гроші,2
стамбул,2
митрополит,2
корінь,2
вінниця,2
удосконалення,2
раунд,2
заголовок,2
кільце,2
ужгород,2
вісімок,2
нерест,2
садиба,2
казарма,2
килим,2
доріжка,2
цвинтар,2
р.,2
реформ,2
домівок,2
молоко,2
училище,2
пікет,2
16,2
амбулаторій,2
святість,2
зупинок,2
небезпека,2
борт,2
абсорбція,2
скидання,2
врожайність,2
розставання,2
правління,2
спроможність,2
єдність,2
шій,2
підніжжя,2
такий,2
четвірка,2
засвоєння,2
іспит,2
ожиріння,2
цех,2
африка,2
злиття,2
миколаївка,2
сум,2
вир,2
творчість,2
полігон,2
імперія,2
виробник,2
співробітництво,2
сонце,2
панахид,2
канада,2
франція,2
купа,2
каша,2
зовнішність,2
складність,2
перевірка,2
авансцена,2
гаманець,2
підвал,2
котрий,2
пекло,2
кошторис,2
іран,2
лиман,2
шока,2
візантія,2
райвідділ,2
служіння,2
відомість,2
нога,2
пробірка,2
оксана,2
рецептор,2
петро,2
звалище,2
літургій,2
контекст,2
бал,2
дистанція,2
дворик,2
південь,2
тайм,2
альб,2
обитель,2
знак,2
індія,2
сімка,2
екосистема,2
крайнощ,2
пухлина,2
вечеря,2
презентація,2
журнал,2
травмпункт,2
інвестиція,2
суб’єкт,2
автобус,2
резерв,2
тил,2
графа,2
парад,2
схильність,2
яму,2
реєстрація,2
роботодавець,2
журналіст,2
автомобіль,2
дивосвіт,2
формат,2
слідчий,2
08,2
перспектив,2
стаж,2
спортзал,2
костел,2
царина,2
монархія,2
поїздка,2
голгоф,2
інфраструктура,2
біль,2
поміст,2
очок,2
аеродр,2
перехід,2
антіохія,2
незалежність,2
кабіна,2
розклад,2
внук,2
молодий,2
захворювання,2
ферма,2
сьогодення,2
маївка,2
вена,2
медзаклад,2
оновлення,2
істота,2
оргазм,2
гавань,2
барак,2
вираження,2
сквер,2
бабуся,2
13,2
кавказ,2
шафа,2
розбудова,2
тріада,2
страва,2
батьковбивство,2
фігура,2
обрізка,2
дно,2
кастинг,2
симона,2
пивниця,2
хатина,2
сервіс,2
гурт,2
замір,2
гриль,2
площадка,2
лав,2
темпа,2
міськрада,2
вух,2
п’ять,2
подіум,2
ослаблення,2
перекура,2
одужання,2
поворот,2
свій,2
участь,2
ввп,2
трап,2
спасіння,2
вироблення,2
капела,2
тенденція,2
том,2
мелітополь,2
прибирання,2
бригада,2
вираз,2
умань,2
поєдинка,2
кілограм,2
смертність,2
заслання,2
співбесіда,2
гуртка,2
хліва,2
кадастр,2
платформа,2
поломка,2
рід,2
апетит,2
кайдан,2
корпус,2
посилення,2
книгарня,2
світогляд,2
матка,2
нічий,2
куб,2
самознищення,2
церемонія,2
прохання,2
контратак,2
друк,2
щось,2
га,2
технологія,2
господар,2
відзначення,2
маєтка,2
новий,2
потенція,2
фермент,2
отримання,2
фронт,2
класифікатор,2
перехрестя,2
горизонт,2
усунення,2
нірка,2
зло,2
розпач,2
розлад,2
емоція,2
загін,2
посадка,2
оплата,2
фахівець,2
достовірність,2
надійність,2
готовий,2
каховка,2
прага,2
відсутність,2
квартал,2
грибка,2
назва,2
літургія,2
безвихідь,2
огорожа,2
етнос,2
проживання,2
спектр,2
ритм,2
порог,2
говерл,2
хвиля,2
оброблення,1
залізничний,1
кров,1
подача,1
водопа,1
узвичаєний,1
широта,1
павільйон,1
рейхскомісаріат,1
обставина,1
кровотеча,1
тренер,1
кп,1
поліцейський,1
добробут,1
торга,1
бенкет,1
комiтет,1
загос,1
юліїний,1
запах,1
кашмір,1
кінофестиваль,1
колиска,1
еластичність,1
кулеметник,1
типографий,1
моринець,1
крига,1
спецприміщення,1
п′ятірка,1
старший,1
перехожі,1
святитель,1
трагедій,1
будень,1
грунт,1
кимполунг,1
авокадо,1
ханство,1
індивідуум,1
гостини,1
парафіянин,1
сатанізм,1
резюме,1
безансона,1
підсвідомість,1
скал,1
забіг,1
оскудіння,1
оголошення,1
суходіл,1
вимірювання,1
фертильність,1
умонастрій,1
річечка,1
клеомен,1
архітектор,1
лобачово,1
одруження,1
опік,1
чашка,1
упорядкування,1
стоматолог,1
чин,1
гідробіонт,1
трц,1
асамблій,1
кіно,1
неприпустимість,1
вихователь,1
сахар,1
надання,1
марусі,1
визбирування,1
співачка,1
постулат,1
здача,1
добро,1
сідло,1
меяй,1
гіпердіагностика,1
прогресування,1
гучність,1
вебсайт,1
самотність,1
лев,1
полум’я,1
інформація,1
павутина,1
доказ,1
к.,1
прюм,1
пульт,1
одступлення,1
пам´ять,1
ахава,1
катетер,1
хостига,1
160-річчя,1
співдружність,1
лисича,1
електроопір,1
западина,1
зуб,1
звільнення,1
волга,1
бук,1
шарма,1
таїнство,1
оптимізація,1
підрозділ,1
золотоозернй,1
нацрада,1
чергування,1
парна,1
протиборство,1
прославлення,1
драйв,1
номер,1
друг,1
знекровлення,1
мекка,1
аллаха,1
пущ,1
рандева,1
плавність,1
засвіт,1
лоно,1
логістика,1
сенс,1
окоп,1
розпук,1
вогнище,1
сахарня,1
кіосо,1
застава,1
великодня,1
ра-да,1
теста,1
обрив,1
клем,1
ракета,1
афон,1
тренд,1
катування,1
народження,1
школяр,1
температура,1
бурса,1
даниїла,1
діалект,1
роз’єднання,1
кеш,1
ангар,1
білорусь,1
воронеж,1
лавка,1
діалог,1
іномарка,1
автодорог,1
тир,1
башта,1
неслухняний,1
спальник,1
діярбакир,1
жирність,1
єгипет,1
патруль,1
гробниця,1
бюра,1
богознання,1
підтип,1
злочинність,1
каплиця,1
бланк,1
підприємець,1
врожай,1
гемостаз,1
папк,1
напис,1
кар’єра,1
щелепа,1
херсонщина,1
кровообіг,1
наркоза,1
планет,1
аборт,1
приступ,1
інфаркт,1
артистичний,1
пом’яник,1
квітень,1
помка,1
спазм,1
мін.,1
столярня,1
узд,1
співмешканка,1
нацперелік,1
facebook,1
андрійчик,1
погреба,1
блокпіст,1
верба,1
банд,1
колгосп,1
перспектива,1
степеня,1
прекрасний,1
сіта,1
капличка,1
адорація,1
чемпіонат,1
близькі,1
зарваник,1
систематичність,1
нора,1
пруссія,1
президент,1
уявлення,1
осердь,1
фонтан,1
святий,1
ворожбит,1
веста,1
вертело,1
гречка,1
охота,1
сікирка,1
буда,1
костянтинова,1
підбір,1
смут,1
олесь,1
бартер,1
задоволення,1
ласп,1
канап,1
практикум,1
воркут,1
товаровиробник,1
яра,1
упу,1
станиця,1
нацрад,1
громадянин,1
надходження,1
сон,1
нквд,1
милий,1
туризм,1
косів,1
наслiдок,1
вирік,1
кандидатура,1
наліпка,1
вік,1
соціум,1
літри,1
скот,1
відрубник,1
вигорання,1
несучість,1
самосвідомість,1
стежина,1
полюс,1
ковель,1
полк.,1
паркер,1
новгородка,1
розмноження,1
тендер,1
телецентр,1
слуг,1
труб,1
родос,1
естрада,1
перерозподіл,1
бурштин,1
проскур,1
залучення,1
iсуса,1
агент,1
відокремлення,1
слухання,1
інавгурація,1
житниця,1
суперечка,1
посла,1
феофанія,1
менорагія,1
стукіт,1
лонський,1
походження,1
мисливець,1
пошуковик,1
бельгія,1
велотур,1
осад,1
смартфон,1
руїна,1
євря,1
іловайськ,1
прохід,1
скалічення,1
хіл,1
кіцмань,1
сніданок,1
степ,1
к-na,1
заплава,1
іслам,1
свічка,1
стовп,1
батарея,1
міофасціальний,1
лiсосмуга,1
сумщина,1
2030-ий,1
фест,1
організований,1
копалина,1
місність,1
татарстан,1
цифра,1
термінал,1
підкорення,1
епізодичність,1
смітєзвалище,1
мішечка,1
індексація,1
житло,1
літера,1
ї,1
іоанна,1
шаблон,1
агрокультура,1
розорення,1
об’єм,1
відбір,1
кубок,1
дев’ятнадцятий,1
банщик,1
повішений,1
гравець,1
чаша,1
пожежа,1
спа,1
ленінград,1
послідовник,1
рестранслятор,1
постава,1
крем,1
ковадло,1
березний,1
мазепа,1
урочистість,1
поліпияк,1
українство,1
трясовина,1
фіто,1
саахова,1
дюна,1
образа,1
царівна,1
горшечка,1
наживання,1
хотин,1
мамин,1
ігра,1
драбина,1
комісій,1
линварня,1
фей,1
захворюваність,1
суперфінал,1
перерва,1
результатланка,1
канава,1
об”єкт,1
туга,1
рефір,1
олтар,1
лабіринт,1
креативність,1
філіппо,1
гармата,1
ведучі,1
фішок,1
50,1
звинувачення,1
штамп,1
ліжечко,1
самозабезпечення,1
провалля,1
потік,1
ландшафт,1
австралія,1
подорожчання,1
відображення,1
зацвітання,1
вигоряння,1
заниження,1
риг,1
осереддя,1
плутанина,1
псування,1
підключення,1
покупець,1
композиція,1
православ’я,1
падінь,1
прилад,1
серотонін,1
дата,1
медвина,1
апостол,1
спаситель,1
милосердя,1
ярмарка,1
нутро,1
шедевр,1
взаємід,1
жовчовиділення,1
поводження,1
нсту,1
капсул,1
псалма,1
предслава,1
послідовність,1
гриб,1
талія,1
слух,1
тобольск,1
покатилівка,1
придніпров’я,1
див.,1
основ,1
редмонд,1
хв.,1
арешт,1
розсуд,1
вбиралення,1
рухливість,1
допуск,1
рога,1
канн,1
страйкбол,1
конгрес,1
круг,1
фрайберг,1
концерн,1
розмежування,1
об´єкт,1
присвоєння,1
ада,1
книгозбірний,1
деблокування,1
дрібниця,1
31,1
масаж,1
дичина,1
королівство,1
залишення,1
ута,1
узвіз,1
30,1
брендинг,1
турнір,1
класифікація,1
воланда,1
об´єднання,1
загреба,1
діброва,1
пан,1
кінотеатр,1
чинник,1
лід,1
покійний,1
сюжет,1
взлісся,1
джема,1
всевишнє,1
довкілля,1
спецшкол,1
реабілітація,1
третя,1
мітингар,1
радіостанція,1
дисципліна,1
асу,1
естонія,1
міноборони,1
апоптоз,1
стаціонар,1
свiт,1
лик,1
нужденність,1
димар,1
каста,1
гримерка,1
стеля,1
палатка,1
обряд,1
скуллер,1
окуляри,1
дзвіниця,1
недостатність,1
психотерапій,1
напівпровідник,1
куряви,1
пізнання,1
сутичка,1
виконко,1
сто,1
заборон,1
немовлятко,1
білок,1
замикання,1
зоопарк,1
легітимація,1
кільсона,1
скрипторія,1
маршруток,1
мешканка,1
мошонка,1
статик,1
морозильник,1
лютежа,1
округа,1
хаща,1
афганістан,1
умивальник,1
планка,1
рв,1
фарингіт,1
бесарабія,1
безумство,1
ліпший,1
петля,1
салонік,1
халепа,1
тергромад,1
іспанський,1
аналізатор,1
листопад,1
виснаження,1
філармонія,1
зобов’язання,1
анджелес,1
замовник,1
прихильність,1
працевлаштування,1
рига,1
тріумф,1
дпа,1
твердження,1
мандри,1
відправа,1
знерухомлення,1
чвар,1
5,1
толстай,1
чиновник,1
улашківка,1
мудрець,1
магарач,1
фотографія,1
ірій,1
літпроцес,1
ліжко,1
офіційний,1
ночова,1
гройсман,1
підпис,1
автоспорт,1
ворошиловграда,1
племен,1
торг,1
паритет,1
паба,1
енеїд,1
іванов,1
озимий,1
тюнінг,1
гугл,1
психологія,1
формулювання,1
звернення,1
альманах,1
промисл,1
банда,1
галила,1
ларьок,1
найменування,1
вовчинець,1
відрядження,1
гідропарк,1
сукня,1
гаван,1
пол,1
°,1
фіви6,1
застосування,1
бухарест,1
придесення,1
миргорода,1
дрогобич,1
популярність,1
христа,1
контора,1
сінокіс,1
тюрма,1
воловець,1
луганщина,1
забуття,1
сутичок,1
реагування,1
строя,1
пленер,1
ужгорода,1
гірка,1
співбрат,1
паркан,1
заголовка,1
свист,1
санкція,1
вочевиднення,1
яскравість,1
casino,1
відсівання,1
коліно,1
освіта,1
генплан,1
пана╖р,1
хроніка,1
кіноекран,1
моряк,1
трека,1
фарватер,1
компенсація,1
кам’янкя,1
реальність,1
порятунок,1
миколай,1
дисертація,1
альфа,1
втілення,1
істерика,1
екстрасенс,1
кровожадність,1
медицина,1
кабінка,1
копійка,1
смітник,1
проть,1
найкращий,1
раса,1
супровід,1
реквізит,1
аудит,1
викриття,1
полон,1
сміття,1
затисненість,1
проща,1
малюк,1
кривдник,1
сталін,1
вв,1
письмо,1
тепло,1
маф,1
збірок,1
криница,1
доктор,1
підданство,1
стріт,1
мучитель,1
олдгема,1
цей,1
виноградник,1
передок,1
дворець,1
жертв,1
загорож,1
костюм,1
майстр,1
безлад,1
55,1
оздоровлення,1
ведмідь,1
придатка,1
дирекція,1
течія,1
піклування,1
відділок,1
ролик,1
заміна,1
розвилка,1
дошкільник,1
заперечення,1
оточуючі,1
курень,1
газ,1
грізний,1
плавень,1
покрівля,1
мерій,1
романівка,1
піке,1
учення,1
болото,1
литполукрбриг,1
кровопостачання,1
курилка,1
стегно,1
звучання,1
введення,1
секретаріат,1
нація,1
автозак,1
греція,1
словарь,1
сполучення,1
фігурант,1
покровська,1
агрегація,1
селянин,1
енергія,1
розчинення,1
тоp,1
конкурс,1
сема,1
оператвина,1
анексія,1
инше,1
мя,1
паливо,1
полегшення,1
уява,1
відхилення,1
упізнання,1
раунда,1
керування,1
во,1
пост,1
буковина,1
бізнесмен,1
поразок,1
віталька,1
узгір’я,1
вимір,1
міжнародний,1
сімейство,1
декорація,1
установка,1
підняття,1
луг,1
спів,1
опонент,1
зв’язування,1
сигналізація,1
вологди,1
неписьменність,1
порога,1
тусовка,1
гінеколог,1
млинка,1
співан,1
тлумачення,1
крісло,1
комерціалізація,1
самовизначення,1
джунґлі,1
день-два,1
безвілля,1
нотаріус,1
терапевт,1
збірний,1
ясність,1
виконавець,1
фантазія,1
ґорґан,1
божниця,1
жах,1
полк,1
лоза,1
каяк,1
позиціонування,1
заста,1
ртт,1
анемія,1
методика,1
убогість,1
увага,1
свідоцтво,1
попередник,1
куба,1
мена,1
жида,1
острова,1
урал,1
знеможення,1
потічка,1
буковель,1
медіагрупа,1
зу,1
борбина,1
плотва,1
моторика,1
координатор,1
переїзд,1
постановка,1
падіння,1
остров,1
постачальник,1
зачеплення,1
гаранта,1
обвинувачення,1
буденність,1
виправдання,1
спорядження,1
волість,1
шефа,1
кіровоград,1
християн,1
жертовник,1
19,1
сповідання,1
нарахування,1
вишивання,1
збій,1
камер,1
берлога,1
80-річчя,1
четвер,1
низина,1
руйнація,1
довгобуда,1
математика,1
кіншаси,1
дотримання,1
приємний,1
зносини,1
замет,1
імпортер,1
замулення,1
прерогатив,1
пояс,1
молдавій,1
спорудження,1
разновременність,1
марти,1
перекус,1
вступ,1
бар’єр,1
несприйняття,1
апофеоз,1
офшор,1
роз,1
хмельницький,1
спокій,1
армія,1
лмр,1
вихідний,1
модус,1
теоретизування,1
будапешт,1
кардіодиспансер,1
пьяцалле,1
сходні,1
електрощит,1
несподіваний,1
цезаря,1
дійсність,1
хутір,1
партій,1
вилк,1
уявне,1
автомийка,1
гам,1
пилат,1
серйозний,1
обов’язковість,1
операція,1
берген,1
темперамент,1
низ,1
підвид,1
смужка,1
набраний,1
поселення,1
хаб,1
цвітіння,1
центра,1
хол,1
паспорт,1
іполітов,1
сім,1
чортків,1
свідок,1
океанвведене,1
адміністрація,1
райвідділка,1
стабілізація,1
полотно,1
міфологія,1
вiдповiдальність,1
пошана,1
коледж,1
урожай,1
регулювання,1
дослідження,1
директорія,1
утилізація,1
кшталт,1
затишок,1
мiсце,1
єдиний,1
гірник,1
короткий,1
джерела,1
киновселеннуя,1
маргінес,1
бротьба,1
гайдайок,1
ранг,1
оббіг,1
я-концепція,1
полтавщина,1
якутськ,1
париж,1
намісництво,1
гурток,1
лондон,1
смоленська,1
мереж,1
і.,1
легеня,1
соціалізація,1
подання,1
вад,1
мго,1
роздач,1
франківськ,1
асфальт,1
водоспад,1
лейпцига,1
першовідкривач,1
цинізм,1
флюорографій,1
петербурґа,1
культурист,1
показ,1
металобрухт,1
регресія,1
біофілософія,1
алма-ат,1
спеціальність,1
плац,1
покол╕ння,1
жж,1
голівка,1
відкидання,1
дніпропетровська,1
розташування,1
задрипанок,1
матеріалізм,1
нестач,1
вегетація,1
пластичність,1
прогноз,1
малюка,1
конкурент,1
топка,1
ідеал,1
євген,1
арсенал,1
резиденція,1
проліферація,1
ліверпуля,1
узгодженість,1
цирка,1
загадування,1
схованка,1
сенегал,1
3,1
галатій,1
красятич,1
президія,1
мужність,1
радощі,1
рубікон,1
забарвлення,1
обсерваторія,1
оренбург,1
дімка,1
преподобне,1
капітула,1
багажник,1
рова,1
вигода,1
жулиньський,1
ізолятор,1
пансіон,1
вірний,1
життєздатність,1
жодний,1
верст,1
подвійність,1
потепління,1
конверсія,1
січень,1
прем’єра,1
збірочка,1
пісенник,1
наркоз,1
меморіал,1
стром,1
дiйство,1
хокеїст,1
вказівка,1
вплив,1
моз,1
прогрес,1
єлизавета,1
вушко,1
джеймс,1
злога,1
висування,1
населення,1
іудей,1
кузина,1
аромат,1
купка,1
протікання,1
арбітр,1
дефолт,1
ску,1
трубка,1
кременчука,1
платоспроможність,1
дипмісія,1
сімферополь,1
малярство,1
розподіл,1
ахмата,1
обслуговування,1
тілобудова,1
чий,1
"інтер""єр",1
первовзір,1
теплозбереження,1
одяг,1
чс,1
рязань,1
відміток,1
27,1
розщеплення,1
середньовіччя,1
порція,1
невозврат,1
розлучення,1
сопстро,1
товщ,1
сільгоспвиробник,1
чаклунок,1
облаштування,1
укргазвидобування,1
короткозорість,1
самопізнання,1
поперека,1
епітелій,1
500мл,1
кишечник,1
тонна,1
радіоприймач,1
стілець,1
клячання,1
забавка,1
горло,1
ефект,1
припущення,1
територ,1
живий,1
проникність,1
ерс,1
виведення,1
мішка,1
гімнастика,1
ювіль,1
послухання,1
штольня,1
мислення,1
оренда,1
монітор,1
паства,1
ростовий,1
паломництво,1
словаччина,1
синод,1
замирення,1
дружелюбність,1
черепашинець,1
града,1
ума,1
назарет,1
ставок,1
енергоефективність,1
держреєстр,1
кредитування,1
пастир,1
гострота,1
опадання,1
модернізація,1
соснівка,1
ведучий,1
революція,1
забруднення,1
хтось,1
синоп,1
ббк,1
олені,1
сеанс,1
схема,1
спадок,1
валіз,1
малина,1
олімп,1
засад,1
молодший,1
рима,1
сплетення,1
чигирина,1
кредит,1
посів,1
радикалізація,1
енциклопедій,1
улаштування,1
об’єктивність,1
интоксикационний,1
вакуй,1
бджільництво,1
бершаді,1
крок,1
політсил,1
відносин,1
реформування,1
авигай,1
плинність,1
імунітет,1
савченко,1
тор,1
т-ва,1
теплоізоляція,1
держбюджет,1
гімназія,1
консервація,1
етногенез,1
січі,1
килимка,1
капрер,1
єб’я,1
радість,1
продовження,1
межи,1
арка,1
звенигородщина,1
податок,1
погруддя,1
півсотні,1
адаптація,1
баскетбол,1
обвал,1
небезпечний,1
посадовець,1
виріз,1
траєкторія,1
м╕сто,1
щільність,1
сколе,1
ільців,1
робочий,1
регiон,1
реставрація,1
портфолiо,1
мікроавтобус,1
мина,1
міськпрофрад,1
парафія,1
пакета,1
заслуг,1
основний,1
криничка,1
резидент,1
пірамід,1
нудота,1
нпп,1
новоприбулий,1
гостина,1
хворіб,1
перше,1
галиця,1
відвідування,1
боулінг,1
ранжування,1
тернопільський,1
теорій,1
товар,1
сполука,1
ліки,1
ретроспектив,1
метрик,1
пограниччя,1
художне,1
парадокс,1
млина,1
споруда,1
уявлень,1
інцидент,1
стад,1
осередка,1
радгосп,1
протестувальник,1
з.,1
промисловість,1
рекорд,1
розробок,1
мікроманіпуляція,1
ченець,1
сумочка,1
соціопат,1
проблематика,1
збер╕гання,1
скансен,1
весна,1
вивіска,1
усний,1
видовище,1
здоровя,1
мінливість,1
піп,1
орендар,1
венеролог,1
вендинг,1
голодування,1
слобода,1
лурнбіхля,1
василь,1
медогляд,1
білгорода,1
битва,1
гарант,1
цибулина,1
ростова,1
єдр,1
негідність,1
десятиріччя,1
бушера,1
№,1
расшеватскуй,1
майнінг,1
файл,1
менеджер,1
драматургій,1
блюдечко,1
енергоринок,1
австрія,1
кент,1
покупка,1
скайп,1
бодлер,1
ансамбль,1
лазня,1
макса,1
аналог,1
альбім,1
вилов,1
льоші,1
локація,1
герой,1
кп(,1
криз,1
терапія,1
готовнiсть,1
підвіска,1
куп,1
нежитловий,1
галактика,1
нацради,1
сплава,1
наказ,1
виріб,1
код,1
м’яч,1
бородянко,1
делегація,1
тичинка,1
відключення,1
ссз,1
вибуття,1
напівготовність,1
перевога,1
говерли,1
голлівуд,1
герасим,1
географія,1
хиб,1
передумова,1
журя,1
екон,1
дуета,1
дублянка,1
формальність,1
криштал,1
розгром,1
страховка,1
моэлигиум,1
позик,1
жнива,1
мотузка,1
психоаналітика,1
ущільнення,1
воскресіння,1
дельфінарій,1
інше,1
кінь,1
пров,1
атрофія,1
новопскова,1
деспотизм,1
метафізика,1
бан,1
канади,1
метал,1
осмислення,1
стереотип,1
щілина,1
розігрування,1
видiлення,1
давнина,1
приклад,1
слов’янськ,1
передпокія,1
бездоріжжя,1
найменший,1
ігумен,1
подніпров’я,1
їжа,1
буття,1
завоювання,1
звід,1
лин,1
перед,1
азс,1
протиставлення,1
функціональність,1
азербайджанець,1
мікрохвон,1
запитання,1
оун,1
біодоступність,1
наріда,1
зсува,1
потяг,1
радіо,1
мангал,1
упц,1
ведення,1
медсестр,1
оточення,1
санаторій,1
бонус,1
надра,1
нагода,1
надсистема,1
ввезення,1
мельник,1
наркоманія,1
кіровоградщина,1
горян,1
низка,1
тісто,1
садовий,1
нейрохірургія,1
покриття,1
білоцерки,1
репресія,1
проростання,1
управа,1
кохавин,1
афін,1
тестування,1
мм,1
гординя,1
стравохiд,1
праця,1
проріз,1
ніна,1
обстріл,1
тис.,1
сітка,1
диск,1
мікс,1
люде,1
єдарп,1
найпростіший,1
правильний,1
регістр,1
розвалина,1
корупція,1
гартування,1
очікування,1
штани,1
габарит,1
дед,1
блокування,1
перелом,1
фура,1
запалення,1
брониця,1
довжина,1
довіра,1
мікроорганізм,1
підгруп,1
яйце,1
укладання,1
технікум,1
сочі,1
залежність,1
заготовок,1
городок,1
полян,1
вмираючий,1
переосмислень,1
розсіювання,1
гротеска,1
провіянтський,1
опочивальний,1
сер.,1
ганок,1
пастка,1
пропив,1
мура,1
довершеність,1
алгоритм,1
котурон,1
яскина,1
год.,1
першоцвіт,1
нья,1
містка,1
євроринок,1
привитання,1
щеплення,1
словник,1
мерія,1
спокуса,1
суть,1
річище,1
сертифікат,1
розгромне,1
півмільйон,1
хутор,1
капот,1
економічність,1
самоствердження,1
стремін,1
нью-йорк,1
ніжин,1
потилиця,1
порозуміння,1
життєдіяльність,1
комп’ютер,1
призначення,1
безвість,1
московій,1
коробка,1
онлайн,1
василинка,1
макроцикл,1
травмування,1
поліглотик,1
пристань,1
батурина,1
автошля,1
гардероб,1
оригінал,1
комунікабельність,1
підпункт,1
14,1
ушея,1
соціальний,1
зoна,1
лисичанськ,1
київрад,1
прийнятний,1
перукарня,1
вулик,1
аорт,1
какао,1
резонанс,1
устрій,1
призов,1
львівський,1
черкащина,1
породілля,1
придане,1
пологи,1
самолюбство,1
запоріжець,1
передача,1
екстремум,1
виходжування,1
ольга,1
офшора,1
засуджений,1
будуар,1
панцир,1
стайня,1
ніжка,1
нюанс,1
пивний,1
купалення,1
мона,1
сидіння,1
відгук,1
бар,1
дерматит,1
урочище,1
єлисея,1
дистрибуція,1
манастир,1
стіс,1
насадження,1
варфоломія,1
зонування,1
закут,1
водойма,1
відстійник,1
притулок,1
перевиробництво,1
кандидат,1
баланс,1
настоятель,1
вітя,1
зріст,1
парубія,1
куша,1
хащ,1
півліктя,1
мола,1
повіточка,1
марс,1
ворожеська,1
застосовність,1
лиця,1
дев’ятка,1
озерянка,1
шум,1
здирництво,1
допит,1
тариф,1
ягід,1
рiшення,1
гірський,1
пайк,1
експедиція,1
новожахов,1
верств,1
афіна,1
анулювання,1
тільце,1
ціль,1
схил,1
лекція,1
посад,1
краків,1
підвіконня,1
українок,1
заявка,1
старець,1
казбек,1
переміщення,1
вчення,1
надмет,1
явище,1
цуґундер,1
алея,1
омолодження,1
політбюро,1
сільрад,1
оказія,1
антоній,1
броньовик,1
товариш,1
івано-франківськ,1
закипання,1
паритетний,1
португалія,1
панування,1
режисура,1
кудеяр,1
красуня,1
стадо,1
карбон,1
кают,1
моралізаторство,1
коша,1
демплатформ,1
планета,1
морена,1
поручень,1
знайомство,1
захоплюючий,1
частота,1
рецидив,1
інгредієнт,1
збудник,1
майбутній,1
торт,1
колдуна,1
сватове,1
ремісія,1
ростов,1
домовина,1
покрив,1
жовтень,1
регенерація,1
ковеля,1
пупка,1
сварка,1
купюроприймач,1
алергень,1
струм,1
мобе,1
конфесія,1
андрій,1
англія,1
міжбанка,1
земляк,1
дір,1
студентство,1
світлани,1
передозування,1
компроміс,1
розпорядка,1
олена,1
хрещатик,1
не-суперечність,1
пирога,1
заложення,1
скачка,1
псалтиря,1
пaм’ять,1
шкура,1
істина,1
філософія,1
сповідь,1
діянь,1
агресія,1
50-річчя,1
прощання,1
погроз,1
лічниця,1
товщина,1
будова,1
оперний,1
виборець,1
тернопіль,1
пмп,1
досвід,1
заповнення,1
короленко,1
ярус,1
хвилинка,1
поінформованість,1
іваненко,1
сховок,1
дочка,1
м’який,1
порошенко,1
непорозуміння,1
мілан,1
обстеження,1
остова,1
фармак,1
вагітність,1
ширина,1
слад,1
носій,1
апартамент,1
офіс(,1
свинок,1
синичка,1
яснобачення,1
здивування,1
загородження,1
двiр,1
чолула,1
перегріва,1
доктрина,1
святвечір,1
начальниця,1
запасання,1
дозвілля,1
кошти,1
ініціатива,1
маркела,1
копія,1
автомат,1
вентиляція,1
терморегулятор,1
ідола,1
11,1
тривання,1
горинів,1
церков,1
плетиво,1
нарис,1
видужання,1
кліматсправа,1
пошкодження,1
30-частина,1
дублювання,1
фпг,1
шефшфуен,1
шістка,1
маркетинг,1
децентралізація,1
бразилій,1
чистота,1
розбавлення,1
сенат,1
українська,1
команд,1
вірність,1
діло,1
синяка,1
операційний,1
кручя,1
голос,1
урср,1
пула,1
мастершеф,1
інтерв’ю,1
бриж,1
вантаж,1
датчик,1
старий,1
перемова,1
адріана,1
позичальник,1
риб,1
розташований,1
відвідини,1
тюг,1
скадовськ,1
пирятина,1
дум,1
прокуратура,1
підтвердження,1
петрівка,1
з’ясування,1
канцелярія,1
вузлик,1
кнайп,1
астрахан,1
рейс,1
авдіївка,1
проходження,1
згоряння,1
блокпост,1
зерно,1
суддівство,1
брюссель,1
фіналізація,1
євросоюз,1
самий,1
комендатура,1
насонов,1
енергосистема,1
знайомий,1
корона,1
механік,1
ринка,1
монотеїзм,1
сущий,1
криптовалюта,1
конкурентоздатність,1
відправлення,1
видача,1
климка,1
лохвиця,1
одногрупниця,1
похорона,1
мікрофон,1
рахова,1
метро,1
тон,1
атлас,1
нудьга,1
облдержадміністрація,1
психологічний,1
з’їзд,1
ніздря,1
травма,1
п╕кет,1
старшокласник,1
розв’язування,1
фермер,1
фізика,1
дон,1
чехословаччина,1
агломерація,1
зв’язка,1
се,1
зміщення,1
якимівка,1
свідчення,1
малопоширений,1
розкопка,1
у,1
женева,1
кінематограф,1
лижень,1
баба,1
балкончик,1
звичай,1
новгород,1
кс,1
бродив,1
зірка,1
любитель,1
уклін,1
зачаття,1
провадження,1
екс-президент,1
відміна,1
рогатинщина,1
старобільськ,1
контент,1
ос,1
важкість,1
переддень,1
гура,1
виїзд,1
бердиців,1
фінляндія,1
сліпота,1
доробок,1
приплід,1
бір,1
латання,1
бд,1
кубань,1
нива,1
іонія,1
імпорт,1
роздягальні,1
олімпіада,1
біорит,1
гарячка,1
м2,1
зво,1
донеччина,1
монолог,1
меблий,1
подразнення,1
кременчук,1
реванш,1
оболоні,1
прислів’я,1
диво,1
ж,1
несправність,1
зникнення,1
політехнік,1
очільник,1
екскреція,1
комплексоутворення,1
вправа,1
циліндр,1
детоксикація,1
€,1
бесід,1
загроз,1
експлутація,1
гасіння,1
гарнір,1
реклама,1
щастя,1
калуш,1
22,1
росіянин,1
пятниця,1
примірка,1
поділ,1
рубежа,1
дгармабуддг,1
пакунок,1
румунія,1
нагорода,1
сходинок,1
дверцят,1
причеп,1
лежанка,1
позначка,1
обруч,1
запозичення,1
л.,1
урна,1
добрий,1
кугуки,1
пуск,1
профіль,1
факультет,1
теща,1
зб.,1
нея,1
дискотека,1
пані,1
сало,1
аккаунт,1
гостьовий,1
сте,1
відток,1
персонал,1
безпечність,1
участка,1
містце,1
тверезість,1
сина,1
підполковник,1
розстановка,1
пку,1
точність,1
редагування,1
експресія,1
хворий,1
кровотік,1
адренорецептор,1
бур’ян,1
казка,1
випас,1
медіа,1
іннервація,1
мікроклімат,1
князівство,1
вимов,1
запоріжжя,1
покуть,1
добросовісність,1
графина,1
долин,1
мікроциркуляція,1
калюжа,1
сигнал,1
підгаєччин,1
$,1
розпорядження,1
опис,1
внутрішній,1
10,1
норвегія,1
гущина,1
забудова,1
верхівка,1
хижина,1
дванадця,1
власник,1
ескалатор,1
космодр,1
рф,1
рсфрр,1
перемишля,1
харбін,1
смс,1
конотоп,1
конклав,1
обовязок,1
корчма,1
спільність,1
годинка,1
ознайомлення,1
покарання,1
яйл,1
дисциплін,1
автocтoянко,1
ядро,1
місяцеслов,1
землеволодіння,1
глава,1
халупа,1
фінікса,1
україністика,1
свалява,1
корист,1
іллінеччин,1
юрія,1
шпалер,1
автівка,1
шрі,1
паніль,1
складання,1
угруповання,1
екзаменатор,1
чай,1
крововтрат,1
донька,1
шлеск,1
пз,1
станіслав,1
собака,1
новина,1
платівка,1
осмд,1
прискорення,1
затвора,1
мананг,1
оболонка,1
06,1
розквіт,1
хрест,1
манера,1
устя,1
гор,1
мольфар,1
фейсбук,1
держдум,1
розвантаження,1
повнота,1
кластер,1
переписування,1
сергій,1
співак,1
прокльова,1
вул.,1
герець,1
азарт,1
дріт,1
господа,1
здобуття,1
страт,1
орло,1
канаб,1
весілля,1
оза,1
адд,1
маніфестація,1
канів,1
білозірка,1
азія,1
жуп,1
представництво,1
токсичність,1
старіння,1
словар,1
єрусалим,1
міцп,1
почастішання,1
кан,1
стипендія,1
узбережжя,1
спроба,1
дискредитація,1
кн.,1
підігрівання,1
переробка,1
рабин,1
мисливство,1
сопричастя,1
фашист,1
знищення,1
в,1
кіця,1
павло,1
цесар,1
греки,1
шаман,1
укладення,1
бєспрєдєл,1
куточка,1
фемід,1
відмова,1
обслідування,1
порода,1
казок,1
болонь,1
дідича,1
викладачка,1
7,1
рад,1
ядер,1
отець,1
кухар,1
червоноїкниг,1
магістраль,1
з’єднання,1
збиток,1
патрубок,1
інструкція,1
кривда,1
снд,1
найцікавіше,1
пояснення,1
хвіст,1
авангард,1
квартет,1
нормальний,1
борозна,1
союзник,1
противаг,1
пластина,1
анатомія,1
тракт,1
законодавець,1
автоматизм,1
узлісся,1
заклик,1
ворог,1
дієт,1
зручність,1
волинський,1
посольство,1
відсторонення,1
олігоцена,1
отвір,1
емпіризм,1
верх,1
монографія,1
боєздатність,1
хрестомат,1
міліція,1
черкеськ,1
швейцарія,1
губернія,1
гущавина,1
святиня,1
галявинка,1
лож,1
реконструкція,1
затверджений,1
патрулювання,1
диспетчер,1
трилогія,1
кропивничанка,1
немиров,1
хронотоп,1
ракурс,1
бода,1
споріднений,1
сповнення,1
правовідносина,1
туркменістан,1
маркер,1
н.е,1
червоноград,1
гепатит,1
м’ячо,1
безодень,1
ки-їв,1
комлектація,1
релігія,1
каточка,1
легенда,1
сівілли,1
голий,1
змі,1
опера,1
столик,1
вчинок,1
гавадзин,1
нмбд,1
акціонер,1
бульбашок,1
тік,1
ідеологія,1
мощ,1
усе,1
спочинок,1
цар,1
піч,1
неплатоспроможність,1
2015рік,1
лава,1
приймання,1
делегат,1
18,1
яр,1
куйаб,1
живоплот,1
балет,1
коломан,1
стенд,1
вечірня,1
